text,disaster,gpe,response_time,query_tokens,response_tokens,detected_gpe
"Major Tsunami Warning 1 1, 4 22pm The Tsunami Warning has been upgraded to a Major Tsunami Warning. Waves of up to 5m are expected. Those near coastal areas, rivers, or lakes should evacuate to higher ground immediately. tsunami ","tsunami, ground, Warning, Tsunami, Warning, Tsunami, Warning, Tsunami",,6.0752,86,17,2 3pm The Tsunami Warning has been upgraded to a Tsunami Warning.
"According to mathematical and tectonophysical modeling, at the end of 2024 we will enter the active phase of the 24, 000 year catastrophe cycle, i. e. a new volcanic epoch characterized by the widespread rise of magma and erosion of lithospheric plates by magmatic flows earthquake ",earthquake,,4.7211,92,5,"United States, New York, New York"
"Earlier video showing smaller wave caused by the earthquake off the coast of the Noto Peninsula in western Japan traveling up the Seki River in Joetsu City, Niigata Prefecture. Tsunami warnings still in place! ","Tsunami, earthquake","Niigata Prefecture,  Joetsu,  Seki,  Japan,  Noto Peninsula",6.9786,76,14,"Noto Peninsula, Joetsu Prefecture, Seki River"
"Tsunami Advisory 8 8, 4 44pm A Tsunami Advisory has been issued. Waves of up to 1m are expected. Those near coastal areas, rivers, or lakes should evacuate to higher ground immediately. tsunami ","tsunami, ground, Tsunami, Tsunami",,8.008,80,3,"5 5, 1900, 2000 2000, 1800 1800, 1700 1700, 1600 1600, 1500 1500, 1400 1400, 1300 1300, 1200 1200, 1100 1100, 1000 1000, 900 900, 800 800, 700 700, 600 600, 500 500, 400 400, 300 300, 200 200, 100 100, 0"
"UNCONFIRMED video of considerable damage in Noto, Japan following a 7.5 magnitude earthquake striking 36 km northeast of Anamizu, Japan. . . . . Credit to the original uploader ","earthquake, magnitude, damage","Japan,  Anamizu,  Japan,  Noto",4.166,73,10,. . . . . . . . . . . . . . . . . . . . . . . . . . . . . . . . . . . . . . . . . . . . . . . . . . . . . . . . . . . . . . . . . . . . . . . . . . . . . . . . . . . . . . . . . . . . . . . . . . . . . . . . . . . . . . . . . . . . . . . . . . . . . . . . . . . . . . . . . . . . . . . . . . . . . . . . . . . . . . . . . . . . . . . . . . . . . . . . . . . . . . . . . . . . . . . . . . . . . . . . . . . . . . . . . . . . . . . . . . . . . . . . . . . . . . . . . . . . . . . . . . . . . . . . . . . . . . . . . . . . . . . . . . . . . . . . . . . . . . . . . . . . . . . . . . . . . . . . . . . . . . . . . . . . . . . . . . . . . . . . . . . . . . . . . . . . . . . . . . . . . . . . . . . . . . . . . . . . . . . . . . . . . . . . . . . . . . . . . . . . . . . . . . . . . . . . . . . . . . . . . . . . . . . . . . . . . . . . . . . . . . . . . . . . . . . . . . . . . . . . . . . . . . . . . . . . . . . . . . . . . . . . . . . . . . . . . . . . . . . . . . . . . . . . . . . . . . . . . . . . . . . . . . . . . . . . . . . . . . . . . . . . . . . . . . . . . . . . . . . . . . . . . . . . . . . . . . . . . . . . . . .
"Earthquakes in the Noto peninsula, Japan, before and after January 1, 2024 toki toki 2LC ",,"toki,  toki,  Japan,  Noto peninsula",4.8703,59,8,2LC 2LC 2LC 2LC 2LC 2LC 2LC 2LC 2LC 2LC 2LC 2LC 2LC 2LC 2LC 2LC 2LC 2LC 2LC 2LC 2LC 2LC 2LC 2LC 2LC 2LC 2LC 2LC 2LC 2LC 2LC 2LC 2LC 2LC 2LC 2LC 2LC 2LC 2LC 2LC 2LC 2LC 2LC 2LC 2LC 2LC 2LC 2LC 2LC 2LC 2LC 2LC 2LC 2LC 2LC 2LC 2LC 2LC 2LC 2LC 2LC 2LC 2LC 2LC 2LC 2LC 2LC 2LC 2LC 2LC 2LC 2LC 2LC 2LC 2LC 2LC 2LC 2LC 2LC 2LC 2LC 2LC 2LC 2LC 2LC 2LC 2LC 2LC 2LC 2LC 2LC 2LC 2LC 2LC 2LC 2LC 2LC 2LC 2LC 2LC 2LC 2LC 2LC 2
ITALY records strongest earthquake in 40 years! Even larger Earthquakes could be expected and a worst case scenario of a volcanic Eruption of the Super Volcano Campi Flegrei near Naples in southern Italy. HOMES Damaged and people being Evacuated because of the Earthquake ,"Earthquake, Volcano, Eruption, earthquake","Italy,  ITALY",5.2467,91,10,Italy
The Major Tsunami Warning has been downgraded to a Tsunami Warning. Downgraded from Major Tsunami Warning to Tsunami Warning Noto Peninsula of Ishikawa Prefecture Do not return home until all tsunami warnings advisories have been lifted. japan tsunami ,"tsunami, tsunami, Warning, Tsunami, Warning, Tsunami, Warning, Tsunami, Warning, Tsunami","japan,  Ishikawa Prefecture,  Noto Peninsula",12.0195,82,18,japan
"Tsunami Warning 1 1, 4 12pm A Tsunami Warning has been issued. Waves of up to 3m are expected. Those near coastal areas, rivers, or lakes should evacuate to higher ground immediately. tsunami ","tsunami, ground, Warning, Tsunami, Warning, Tsunami",,7.3458,80,8,"1 1 1 2 4 12pm 3m A Tsunami has been reported. The area is near a coastal zone. Those near coastal areas, rivers, or lakes should be evacuated immediately. tsunami 1 1 1 2 4 12pm 3m A Tsunami has been reported. The area is near a coastal zone."
"Earthquake Detailed Report 1 1 At around 4 10pm, an earthquake with a magnitude of 7.4 occurred near Noto, Ishikawa Prefecture at a very shallow depth. The maximum intensity was 7. Tsunami warnings advisories have been issued. earthquake ","earthquake, Tsunami, intensity, depth, shallow, magnitude, earthquake, Earthquake","Ishikawa Prefecture,  Noto",7.2614,90,19,
"Earthquake Detailed Report 1 1 At around 4 10pm, an earthquake with a magnitude of 7.6 occurred near Noto, Ishikawa Prefecture at a very shallow depth. The maximum intensity was 7. Tsunami warnings advisories have been issued. earthquake ","earthquake, Tsunami, intensity, depth, shallow, magnitude, earthquake, Earthquake","Ishikawa Prefecture,  Noto",3.4842,90,8,"Noto, Ishikawa Prefecture, 7.6 magnitude 7. Tsunami"
The 2024 magnitude 7.5 Noto earthquake in Japan occurred on a fault system that has seen repeated seismic swarms since 2020. New research in Science deciphers the intense ground motion of the event. Learn more in this week s issue ,"ground, intense, seismic, fault, earthquake, magnitude","Japan,  Noto",7.8221,83,2,
"Tsunami Advisory 1 2, 7 30am The Tsunami Advisory has been updated. Waves of up to 1m are expected. Those near coastal areas, rivers, or lakes should evacuate to higher ground immediately. tsunami ","tsunami, ground, Tsunami, Tsunami",,4.9876,80,20,"1 2, 7 30am The Tsunami"
"The aftershock pattern in purple suggests that the M7.5 Noto earthquake ruptured bilaterally, with the preliminary NEIC slip model also indicating slip on both sides of the epicenter ","epicenter, earthquake, aftershock",Noto,5.9727,71,2,
"Major earthquake off Noto Pensinsula Japan, emergency alert on phone and very noticeable shaking here in central Nagano. Preliminary M7.4 with Shindo 7 shaking, this is a major event ","shaking, shaking, alert, emergency, earthquake","Shindo,  Nagano,  Japan,  Noto",6.1131,72,13,Japan
EARTHQUAKES PLATE MOVEMENTS COMPRESSING PACIFIC SOUTH AMERICA ROLL INDO AUSTRALIA TILTING Comment by Kojima 1 hour ago IRIS EQ Map 2024 10 2 T00 03 New Madrid Jolt timeline Earth Changes and the Pole Shift ,PLATE,AUSTRALIA,8.3184,95,10,
"GRL Nearshore Propagation and Amplification of the Tsunami Following the 2024 Noto Peninsula Earthquake, Japan ","Earthquake, Tsunami","Japan,  Noto Peninsula",6.8547,56,16,Japan
"The strongest earthquake in the area since 1885, the Noto Peninsula earthquake on January 1, 2024, recorded magnitude of 7.6 has caused significant damage and a tsunami. It was a cruel start of the year for the families living in the affected area . We Astar Foundation and ","tsunami, damage, magnitude, earthquake, earthquake",Noto Peninsula,12.1338,93,75,"100% of the local government support in the disaster relief efforts. It was a great victory for the government to show its support for the disaster relief efforts. The Noto Peninsula earthquake on January 1, 2024, is the largest earthquake ever recorded in the area since 1885. It caused significant damage and a tsunami. It was a cruel start of the year for the families living in the affected area. It was a great victory for the government to show its support for the disaster relief efforts. It was a very large earthquake in the area since 1885. It caused significant damage and a tsunami. It was a cruel start of the year for the families living in the affected area. It was a great victory for the government to show its support for the disaster relief efforts. The Noto Peninsula earthquake on January 1, 2024, is the largest earthquake ever recorded in the area since 1885. It caused significant damage and a tsunami. It was a cruel start of the year for the families living in the affected area. It was a great victory for the government to show its support for the disaster relief efforts. It was a very large earthquake in the area since 1885. It caused significant damage and a tsunami. It was a cruel start of the year for the families living in the affected area. It was a great victory for the government to show its support for the disaster relief efforts. It was a very large earthquake in the area since 1885. It caused significant damage and a tsunami. It was a cruel start of the year for the families living in the affected area. It was a great victory for the government to show its support for the disaster relief efforts. It was a very large earthquake in the area since 1885. It caused significant damage and a tsunami. It was a cruel start of the year for the families living in the affected area. It was a great victory for the government to show its support for the disaster relief efforts. It was a very large earthquake in the area since 1885. It caused significant damage and a tsunami. It was a cruel start of the year for the families living in the affected area. It was a great victory for the government to show its support for the disaster relief efforts. It was a very large earthquake in the area since 1885. It caused significant damage and a tsunami. It was a cruel start of the year for the families living in the affected area. It was a great victory for the government to show its support for the disaster relief efforts. It was a very large earthquake in the area since 1885. It caused significant damage and a tsunami. It was a cruel start of the year for the families living in the affected area. It was a great victory for the government to show its support for the disaster relief efforts. It was a very large earthquake in the area since 1885. It caused significant damage and a tsunami. It was a cruel start of the year for the families living in the affected area. It was a great victory for the government to show its support for the disaster relief efforts. It was a very large earthquake in the area since 1885. It caused significant damage and a tsunami. It was a cruel start of the year for the families living in the affected area. It was a great victory for the government to show its support for the disaster relief efforts. It was a very large earthquake in the area since 1885. It caused significant damage and a tsunami. It was a cruel start of the year for the families living in the affected area. It was a great victory for the government to show its support for the disaster relief efforts. It was a very large earthquake in the area since 1885. It caused significant damage and a tsunami. It was a cruel start of the year for the families living in the affected area. It was a great victory for the government to show its support for the disaster relief efforts. It was a very large earthquake in the area since 1885. It caused significant damage and a tsunami. It was a cruel start of the year for the families living in the affected area. It was a great victory for the government to show its support for the disaster relief efforts. It was a very large earthquake in the area since 1885. It caused significant damage and a tsunami. It was a cruel start of the year for the families living in the affected area. It was a great victory for the government to show its support for the disaster relief efforts. It was a very large earthquake in the area since 1885. It caused significant damage and a tsunami. It was a cruel start of the year for the families living in the affected area. It was a great victory for the government to show its support for the disaster relief efforts. It was a very large earthquake in the area since 1885. It caused significant damage and a tsunami. It was a cruel start of the year for the families living in the affected area. It was a great victory for the government to show its support for the disaster relief efforts. It was a very large earthquake in the area since 1885. It caused significant damage and a tsunami. It was a cruel start of the year for the families"
"Tsunami Advisory 1 2, 2 30am The Tsunami Advisory has been updated. Waves of up to 1m are expected. Those near coastal areas, rivers, or lakes should evacuate to higher ground immediately. tsunami ","tsunami, ground, Tsunami, Tsunami",,6.1321,80,8,"coastal areas, rivers, or lakes"
"Earthquake Information 16 10 JST on 01 Jan 2024, Seismic intensity 7 at Noto, Ishikawa Prefecture. Epicenter Noto, Ishikawa Prefecture, depth very shallow, estimated magnitude 7.6. Tsunami warning has been issued. ","warning, Tsunami, magnitude, shallow, depth, Epicenter, intensity, Seismic, Earthquake","Ishikawa Prefecture,  Noto,  Ishikawa Prefecture,  Noto",12.1743,92,12,8.3 earthquake in 2024-01-01 00:00:00 UTC-04:00.
"Tsunami Advisory 1 2, 1 15am The Tsunami Warning has been downgraded to a Tsunami Advisory. Waves of up to 1m are expected. Those near coastal areas, rivers, or lakes should evacuate to higher ground immediately. tsunami ","tsunami, ground, Tsunami, Warning, Tsunami, Tsunami",,5.2036,86,4,1 15am The Tsunami Warning
"Tsunami Warning 4 3, 9 01am A Tsunami Warning has been issued. Waves of up to 3m are expected. Those near coastal areas, rivers, or lakes should evacuate to higher ground immediately. tsunami ","tsunami, ground, Warning, Tsunami, Warning, Tsunami",,8.6718,80,11,"4 3, 9 01am A Tsunami Warning has been issued."
"Major Tsunami Warning Currently, a major tsunami warning is issued for Noto Area, Ishikawa Prefecture. View estimated arrival times and heights here JMA website ","warning, tsunami, Warning, Tsunami","Ishikawa Prefecture,  Noto",3.2529,64,10,. . . . . . . . . . . . . . . . . . . . . . . . . . . . . . . . . . . . . . . . . . . . . . . . . . . . . . . . . . . . . . . . . . . . . . . . . . . . . . . . . . . . . . . . . . . . . . . . . . . . . . . . . . . . . . . . . . . . . . . . . . . . . . . . . . . . . . . . . . . . . . . . . . . . . . . . . . . . . . . . . . . . . . . . . . . . . . . . . . . . . . . . . . . . . . . . . . . . . . . . . . . . . . . . . . . . . . . . . . . . . . . . . . . . . . . . . . . . . . . . . . . . . . . . . . . . . . . . . . . . . . . . . . . . . . . . . . . . . . . . . . . . . . . . . . . . . . . . . . . . . . . . . . . . . . . . . . . . . . . . . . . . . . . . . . . . . . . . . .
"Earthquake Information 06 31 JST on 03 Jun 2024, Seismic intensity 5 at Noto, Ishikawa Prefecture. Epicenter Noto, Ishikawa Prefecture, depth 10km, estimated magnitude 5.9. ","magnitude, depth, Epicenter, intensity, Seismic, Earthquake","Ishikawa Prefecture,  Noto,  Ishikawa Prefecture,  Noto",5.6183,86,8,"30 days from now,地震 prediction 11, and in 2024,地震 prediction 11. Also, in 2024, earthquake prediction 11. Is earthquake prediction 11, and in 2024, earthquake prediction 11."
"Earthquake Information 16 56 JST on 01 Jan 2024, Seismic intensity 5 at Noto, Ishikawa Prefecture. Epicenter Noto, Ishikawa Prefecture, depth 20km, estimated magnitude 5.7. Tsunami warning has been issued. ","warning, Tsunami, magnitude, depth, Epicenter, intensity, Seismic, Earthquake","Ishikawa Prefecture,  Noto,  Ishikawa Prefecture,  Noto",5.5749,93,13,39.2.0.1.3.2.4.5.6.7.8.9.10.11.12.13.14.15.16.17.18.19.20.21.22.23.24.25.26.27.28.29.30.31.32.33.34.35.36.37.38.39.40.41.42.43.44.45.46.47.48.49.50.51.52.53.54.55.56.57.58.59.60.61.62.63.64.65.66.67.68.69.70.71.72.73.74.75.76.77.78.79.80.81.82.83.84.85.86.87.88.89.90.91.92.93.94.95.96.97.98.99.100.101.102.103.104.105.106.107.108.109.110.111.112.113.114.115.116.117.118.119.120.121.122.123.124.125.126.127.128.129.130.131.132.133.134.135.136.137.138.139.140.141.142.143.144.145.146.147.148.149.150.151.152.153.154.155.156.157.158.159.160.161.162.163.164.165.166.167.168.169.170.171.172.173.174.175.176.177.178.179.180.181.182.183.184.185.18
"Earthquake Information 16 10 JST on 01 Jan 2024, Seismic intensity 7 at Noto, Ishikawa Prefecture. Epicenter Noto, Ishikawa Prefecture, depth very shallow, estimated magnitude 7.4. Tsunami warning has been issued. ","warning, Tsunami, magnitude, shallow, depth, Epicenter, intensity, Seismic, Earthquake","Ishikawa Prefecture,  Noto,  Ishikawa Prefecture,  Noto",7.5922,92,8,"Noto, Ishikawa Prefecture"
The earthquake that struck Japan s Noto peninsula on Monday was so strong that the coastline has moved up to 250 meters offshore due to significant land uplift. ,"strong, earthquake","Noto peninsula,  Japan",3.4035,62,4,Noto
"This is the current frequency of earthquakes. help me. too scary. It s always been like this. Both my little sister and the dog are crying. Neither my parents nor I can sleep. what will happen to us? History Occurrence time January 3, 2024, 2 30 Epicenter Noto region, ",Epicenter,Noto,5.2273,98,3,0.00. 340. 0.00. 0.00. 0.00. 0.00. 0.00. 0.00. 0.00. 0.00. 0.00. 0.00. 0.00. 0.00. 0.00. 0.00. 0.00. 0.00. 0.00. 0.00. 0.00. 0.00. 0.00. 0.00. 0.00. 0.00. 0.00. 0.00. 0.00. 0.00. 0.00. 0.00. 0.00. 0.00. 0.00. 0.00. 0.00. 0.00. 0.00. 0.00. 0.00. 0.00. 0.00. 0.00. 0.00. 0.00. 0.00. 0.00. 0.00. 0.00. 0.00. 0.00. 0.00. 0.00. 0.00. 0.00. 0.00. 0.00. 0.00. 0.00. 0.00. 0.00. 0.00. 0.00. 0.00. 0.00. 0.00. 0.00. 0.00. 0.00. 0.00. 0.00. 0.00. 0.00. 0.00. 0.00. 0.00. 0.00. 0.00. 0.00. 0.00. 0.00. 0.00. 0.00. 0.00. 0.00. 0.00. 0.00. 0.00. 0.00. 0.00. 0.00. 0.00. 0.00. 0.00. 0.00. 0.00. 0.00. 0.00. 0.00. 0.00. 0.00. 0.00. 0.00
"This is a video of the tsunami caused by the earthquake off the coast of the Noto Peninsula that occurred on January 1, 2024, traveling up the Seki River in Joetsu City, Niigata Prefecture. Photographed from the second floor of my home. ","earthquake, tsunami","Niigata Prefecture,  Joetsu,  Seki,  Noto Peninsula",4.4327,89,12,"Joetsu City, Niigata Prefecture"
"Over eight months have passed since the massive earthquake that rocked the Noto Peninsula on Jan. 1, 2024. Communication in time of disaster Lessons from the NotoPeninsulaEarthquake. recovery ","disaster, earthquake, massive",Noto Peninsula,6.5089,72,25,"have been conducted in the NotoPeninsula. The NotoPeninsula has experienced significant damage and has been affected by the earthquake, but it is still in the process of recovery. The NotoPeninsula is a local area of the Noto Peninsula, and it has been affected by the earthquake and is still recovering from it. The NotoPeninsula is a local area of the Noto Peninsula, and it has been affected by the earthquake and is still recovering from it. The NotoPeninsula is a local area of the Noto Peninsula, and it has been affected by the earthquake and is still recovering from it. The NotoPeninsula is a local area of the Noto Peninsula, and it has been affected by the earthquake and is still recovering from it. The NotoPeninsula is a local area of the Noto Peninsula, and it has been affected by the earthquake and is still recovering from it. The NotoPeninsula is a local area of the Noto Peninsula, and it has been affected by the earthquake and is still recovering from it. The NotoPeninsula is a local area of the Noto Peninsula, and it has been affected by the earthquake and is still recovering from it. The NotoPeninsula is a local area of the Noto Peninsula, and it has been affected by the earthquake and is still recovering from it. The NotoPeninsula is a local area of the Noto Peninsula, and it has been affected by the earthquake and is still recovering from it. The NotoPeninsula is a local area of the Noto Peninsula, and it has been affected by the earthquake and is still recovering from it. The NotoPeninsula is a local area of the Noto Peninsula, and it has been affected by the earthquake and is still recovering from it. The NotoPeninsula is a local area of the Noto Peninsula, and it has been affected by the earthquake and is still recovering from it."
"Earthquake Detailed Report 10 6 At around 6 21am, an earthquake with a magnitude of 2.4 occurred near Noto, Ishikawa Prefecture at a depth of 10km. The maximum intensity was 2. There is no threat of a tsunami. earthquake ","earthquake, tsunami, intensity, depth, magnitude, earthquake, Earthquake","Ishikawa Prefecture,  Noto",5.0486,91,8,"Noto, Ishikawa Prefecture"
"Earthquake Early Warning A large earthquake has occurred near Noto, Ishikawa Prefecture. Prepare for strong shaking in the areas of Ishikawa. earthquake ","earthquake, shaking, strong, earthquake, Warning, Earthquake","Ishikawa,  Ishikawa Prefecture,  Noto",6.2634,63,8,Ishikawa
"Japan s ALOS 2 satellite showed clearly where on the Noto Peninsula the greatest uplift had occurred during Monday s M7.6 quake. Researchers have now visited this area to document the major coastal movements, including at Kaiso port. H T timwright leeds ",,"Kaiso,  Noto Peninsula,  Japan",3.7832,86,8,"Japan, ALOS, Noto Peninsula, M7.6 earthquake, Kaiso port, H T Timwright, Leeds, 3"
"New data collected by the Geospatial Information Authority of Japan reveals that approx. 90 km of the northern Noto Peninsula coastline has shifted offshore, exposing around 4 sq. km. of previously submerged land, following the Jan. 1st M7.6 earthquake. A short thread. ",earthquake,"Noto Peninsula,  Japan",6.064,91,13,Noto Peninsula
"Observed uplift L Before earthquake, R After earthquake at Wajima Fishing Port 30km from the epicentre of the M7.6 earthquake at Noto Peninsula Japan; The Geospatial Information Authority of Japan now estimate this site experienced up to 4m of uplift ","earthquake, earthquake, earthquake","Japan,  Japan,  Noto Peninsula,  Wajima",9.2032,87,10,"1.5m of elevation above ground. The site is situated at a location that has a local government at W, a city at X, and a country at Y. The site has a local government at W, a city at X, and a country at Y. The site has a local government at W, a city at X, and a country at Y. The site has a local government at W, a city at X, and a country at Y. The site has a local government at W, a city at X, and a country at Y. The site has a local government at W, a city at X, and a country at Y. The site has a local government at W, a city at X, and a country at Y. The site has a local government at W, a city at X, and a country at Y. The site has a local government at W, a city at X, and a country at Y. The site has a local government at W, a city at X, and a country at Y. The site has a local government at W, a city at X, and a country at Y. The site has a local government at W, a city at X, and a country at Y. The site has a local government at W, a city at X, and a country at Y. The site has a local government at W, a city at X, and a country at Y. The site has a local government at W, a city at X, and a country at Y. The site has a local government at W, a city at X, and a country at Y. The site has a local government at W, a city at X, and a country at Y. The site has a local government at W, a city at X, and a country at Y. The site has a local government at W, a city at X, and a country at Y. The site has a local government at W, a city at X, and a country at Y. The site has a local government at W, a city at X, and a country at Y. The site has a local government at W, a city at X, and a country at Y. The site has a local government at W, a city at X, and a country at Y. The site has a local government at W, a city at X, and a country at Y. The site has a local government at W, a city at X, and a country at Y. The site has a local government at W, a city at X, and a country at Y. The site has a local government at W, a city at X, and a country at Y. The site has a local government at W, a city at X, and a country at Y. The site has a local government at W, a city at X, and a country at Y. The site has a local government at W, a city at X, and a country at Y. The site has a local government at W, a city at X, and a country at Y. The site has a local government at W, a city at X, and a country at Y. The site has a local government at W, a city at X, and a country at Y. The site has a local government at W, a city at X, and a country at Y."
"In Noto, fears rain will thwart recovery efforts 9 months after quake ",efforts,Noto,7.8874,46,2,Noto
Expert Quake damage led to mudslides from Noto heavy rain The Asahi Shimbun Asia Japan Watch ,damage,"Japan,  Asahi,  Noto",6.4315,53,4,12345 Japan Japan Japan Japan Japan Japan Japan Japan Japan Japan Japan Japan Japan Japan Japan Japan Japan Japan Japan Japan Japan Japan Japan Japan Japan Japan Japan Japan Japan Japan Japan Japan Japan Japan Japan Japan Japan Japan Japan Japan
Japan issues a tsunami warning for its almost all of its western coast after a powerful earthquake with a magnitude 7.6 hit off the Noto Peninsula about 300 km from Tokyo on Monday ,"magnitude, earthquake, powerful, warning, tsunami","Tokyo,  Noto Peninsula,  Japan",3.7301,69,10,"12th November 2019, Identify locations like country, city, or any local areas in the following sentence and write them in a comma-separated manner (no additional details required):, The first of the three major cities in Japan has a population of 1.2 million and is located on the northern coast of Japan on the island of Himeji on the 14th of January 2018, To write this sentence, I identified the location of the country Japan, the city Himeji, and the location of the island Japan., To write this sentence, I identified the location of the country Japan, the city Himeji, and the location of the island Japan., To write this sentence, I identified the location of the country Japan, the city Himeji, and the location of the island Japan., To write this sentence, I identified the location of the country Japan, the city Himeji, and the location of the island Japan., To write this sentence, I identified the location of the country Japan, the city Himeji, and the location of the island Japan., To write this sentence, I identified the location of the country Japan, the city Himeji, and the location of the island Japan., To write this sentence, I identified the location of the country Japan, the city Himeji, and the location of the island Japan., To write this sentence, I identified the location of the country Japan, the city Himeji, and the location of the island Japan., To write this sentence, I identified the location of the country Japan, the city Himeji, and the location of the island Japan., To write this sentence, I identified the location of the country Japan, the city Himeji, and the location of the island Japan., To write this sentence, I identified the location of the country Japan, the city Himeji, and the location of the island Japan., To write this sentence, I identified the location of the country Japan, the city Himeji, and the location of the island Japan"
"Our hearts go out to residents of Japan s Noto Peninsula, hit by strong shaking from a shallow 10 km depth M7.5 along Japan s west coast. Subduction zone quakes can reach M9 but large shallow crustal quakes can also generate severe local shaking. ","shaking, shallow, depth, shallow, shaking, strong","Japan,  Noto Peninsula,  Japan",5.6943,88,10,"The earthquakes in the M7.5 area have been studied extensively. The M7.5 location is at a depth of 5 km. The earthquake has caused significant damage to the Japanese east coast. The earthquake has also caused significant damage to the Japanese west coast. The earthquake has caused significant damage to the Japanese north coast. The earthquake has caused significant damage to the Japanese south coast. The earthquake has caused significant damage to the Japanese central coast. The earthquake has caused significant damage to the Japanese east coast. The earthquake has caused significant damage to the Japanese west coast. The earthquake has caused significant damage to the Japanese north coast. The earthquake has caused significant damage to the Japanese south coast. The earthquake has caused significant damage to the Japanese central coast., **Note:** The earthquake has caused significant damage to the Japanese east coast. The earthquake has caused significant damage to the Japanese west coast. The earthquake has caused significant damage to the Japanese north coast. The earthquake has caused significant damage to the Japanese south coast. The earthquake has caused significant damage to the Japanese central coast., **"
Japan downgrades Major Tsunami Warning to a Tsunami Warning for the Noto region ,"Warning, Tsunami, Warning, Tsunami","Noto,  Japan",6.5693,48,11,"Noto city, Noto"
An extremely sad clip from ANN s coverage of the Noto Earthquake this man s wife was on the first floor of his house when it collapsed. He called for help but was told there isn t enough rescue equipment and he s basically on a waiting list. ,"rescue, Earthquake",Noto,4.8436,83,2,
"SEGA and Atlus announce they have donated 20 million yen about 135, 000 to support the Noto Peninsula Earthquake relief and recovery efforts. They will also match employee donations. ","efforts, relief, Earthquake, support",Noto Peninsula,4.9928,70,20,
Video Japan Ground Self Defense Force vehicles are arriving at the Noto Peninsula to begin their earthquake relief mission. The yellow banners on each vehicle indicate the home base of the units that have been deployed. ,"relief, earthquake, Ground","Noto Peninsula,  Japan",4.6014,70,3,The Japanese government has established a self-defense force to counteract the effects of an earthquake and to protect against external forces. The Japanese government has established a self-defense force to counteract the effects of an earthquake and to protect against external forces. The Japanese government has established a self-defense force to counteract the effects of an earthquake and to protect against external forces. The Japanese government has established a self-defense force to counteract the effects of an earthquake and to protect against external forces. The Japanese government has established a self-defense force to counteract the effects of an earthquake and to protect against external forces. The Japanese government has established a self-defense force to counteract the effects of an earthquake and to protect against external forces. The Japanese government has established a self-defense force to counteract the effects of an earthquake and to protect against external forces. The Japanese government has established a self-defense force to counteract the effects of an earthquake and to protect against external forces. The Japanese government has established a self-defense force to counteract the effects of an earthquake and to protect against external forces. The Japanese government has established a self-defense force to counteract the effects of an earthquake and to protect against external forces. The Japanese government has established a self-defense force to counteract the effects of an earthquake and to protect against external forces. The Japanese government has established a self-defense force to counteract the effects of an earthquake and to protect against external forces. The Japanese government has established a self-defense force to counteract the effects of an earthquake and to protect against external forces. The Japanese government has established a self-defense force to counteract the effects of an earthquake and to protect against external forces. The Japanese government has established a self-defense force to counteract the effects of an earthquake and to protect against
"Video Yamamura Takehiko, head of the Disaster Prevention System Institute, said he was shocked angered by how Japanese authorities haven t done much to repair roads 5 days after the Noto Peninsula Earthquake. He s never seen anything like it before. ","Earthquake, Disaster","Noto Peninsula,  Yamamura",3.0941,82,41,"He s a very capable person, but he s not very organized. He s not very happy with the way the disaster prevention system is set up. He s very organized and efficient in his work. He s never seen something like it before. He s a very capable person, but he s not very organized. He s not very happy with the way the disaster prevention system is set up. He s very organized and efficient in his work. He s never seen something like it before. He s a very capable person, but he s not very organized. He s not very happy with the way the disaster prevention system is set up. He s very organized and efficient in his work. He s never seen something like it before. He s a very capable person, but he s not very organized. He s not very happy with the way the disaster prevention system is set up. He s very organized and efficient in his work. He s never seen something like it before. He s a very capable person, but he s not very organized. He s not very happy with the way the disaster prevention system is set up. He s very organized and efficient in his work. He s never seen something like it before. He s a very capable person, but he s not very organized. He s not very happy with the way the disaster prevention system is set up. He s very organized and efficient in his work. He s never seen something like it before. He s a very capable person, but he s not very organized. He s not very happy with the way the disaster prevention system is set up. He s very organized and efficient in his work. He s never seen something like it before. He s a very capable person, but he s not very organized. He s not very happy with the way the disaster prevention system is set up. He s very organized and efficient in his work. He s never seen something like it before. He s a very capable person, but he s not very organized. He s not very happy with the way the disaster prevention system is set up. He s very organized and efficient in his work. He s never seen something like it before. He s a very capable person, but he s not very organized. He s not very happy with the way the disaster prevention system is set up. He s very organized and efficient in his work. He s never seen something like it before. He s a very capable person, but he s not very organized. He s not very happy with the way the disaster prevention system is set up. He s very organized and efficient in his work. He s never seen something like it before. He s a very capable person, but he s not very organized. He s not very happy with the way the disaster prevention system is set up. He s very organized and efficient in his work. He s never seen something like it before. He s a very capable person, but he s not very organized. He s not very happy with the way the disaster prevention system is set up. He s very organized and efficient in his work. He s never seen something like it before. He s a very capable person, but he s not very organized. He s not very happy with the way the disaster prevention system is set up. He s very organized and efficient in his work. He s never seen something like it before. He s a very capable person, but he s not very organized. He s not very happy with the way the disaster prevention system is set up. He s very organized and efficient in his work. He s never seen something like it before. He s a very capable person, but he s not very organized. He s not very happy with the way the disaster prevention system is set up. He s very organized and efficient in his work. He s never seen something like it before. He s a very capable person, but he s not very organized. He s not very happy with the way the disaster prevention system is set up. He s very organized and efficient in his work. He s never seen something like it before. He s a very capable person, but he s not very organized. He s not very happy with the way the disaster prevention system is set up. He s very organized and efficient in his work. He s never seen something like it before"
Thread TBS aired a report yesterday about the earthquake relief in the Noto Peninsula A veteran rescue worker from ARROWS was surprised at the very slow response from the Japanese government. Normally supplies and personnel arrive sooner. ,"rescue, relief, earthquake",Noto Peninsula,3.9153,73,8,"Noto Peninsula, ARROWS"
It s snowing in Wajima and other areas of the earthquake hit Noto Peninsula today. This will probably further complicate the attempts to bring food water to evacuees. ,earthquake,"Noto Peninsula,  Wajima",3.0698,68,7,"Wajima, Noto Peninsula, Kouda, Tsuruwa, Toshina"
"A clip from Asahi TV shows that a lot of relief supplies are accumulating in Kanazawa, but they ve hit a bottleneck because the earthquake has inflicted heavy damage on the Noto Peninsula s roads. Trucks can t reach some of the worst hit areas. ","damage, earthquake, relief","Noto Peninsula,  Kanazawa,  Asahi",2.9378,83,8,"Kanazawa, Koyama"
"Video Scenes of destruction uploaded by a resident of Suzu, a town on the Noto Peninsula, where an estimated 90 of houses were destroyed by Monday s earthquake. ","earthquake, destroyed","Noto Peninsula,  Suzu",4.291,65,6,
This video shows what the roads are like on the Noto Peninsula after Monday s earthquake in Japan. The uploader says this was recorded near Anamizu City. ,earthquake,"Anamizu,  Japan,  Noto Peninsula",3.744,63,8,"Japan, Noto Peninsula, Anamizu City"
NHK has shared scenes of earthquake damage in the Noto Peninsula. One man seems to be living in his truck with his dog because evacuation centers don t allow pets. ,"evacuation, damage, earthquake",Noto Peninsula,10.0793,65,3,"Noto Peninsula, Japan"
